match_id,home,away,league,match_time,odds_win,odds_draw,odds_lose,handicap,over_under,home_rank,away_rank,home_form,away_form,collected_at,source,result,score
500_001,贝蒂斯,塞尔塔,西甲,2026-08-30 22:00,3.61,3.35,1.84,1.5,2.5,11,2,LLDWW,WLWDW,2026-07-28,演示数据-赛奇生成(seed=42)-非真实赛果,,
500_002,多特蒙德,柏林联合,德甲,2026-09-19 22:00,2.92,3.6,2.05,1.0,3.5,8,2,LWWWW,WWWWW,2026-07-28,演示数据-赛奇生成(seed=42)-非真实赛果,,
500_003,尤文图斯,AC米兰,意甲,2026-08-15 23:00,2.76,4.24,2.15,1.0,2.5,7,3,WWLWW,WWWWW,2026-07-28,演示数据-赛奇生成(seed=42)-非真实赛果,,
500_004,布雷斯特,摩纳哥,法甲,2026-11-14 23:00,1.45,4.14,8.27,-2.0,3.5,2,18,LLWWD,DWLWL,2026-07-28,演示数据-赛奇生成(seed=42)-非真实赛果,,
500_005,摩纳哥,斯特拉斯堡,法甲,2026-10-12 00:30,1.94,4.27,2.91,-1.0,2.5,4,5,DWWWW,LLLLW,2026-07-28,演示数据-赛奇生成(seed=42)-非真实赛果,,
500_006,斯特拉斯堡,马赛,法甲,2026-08-07 00:30,3.57,3.6,1.92,1.5,3.5,10,2,WWWWW,WLWWW,2026-07-28,演示数据-赛奇生成(seed=42)-非真实赛果,,
500_007,尤文图斯,佛罗西诺内,意甲,2026-10-31 23:00,1.79,3.7,4.35,-2.0,2.5,3,8,LWLLW,WLLLL,2026-07-28,演示数据-赛奇生成(seed=42)-非真实赛果,,
500_008,本菲卡,中日德兰,欧冠资格赛,2026-11-10 00:30,2.24,4.81,2.5,-0.5,2.5,5,4,WWLWW,WWWDW,2026-07-28,演示数据-赛奇生成(seed=42)-非真实赛果,,
500_009,阿森纳,布莱顿,英超,2026-12-14 20:00,2.23,3.76,2.6,-0.5,3.5,5,4,WWDLW,LWWWW,2026-07-28,演示数据-赛奇生成(seed=42)-非真实赛果,,
500_010,柏林联合,门兴格拉德巴赫,德甲,2026-11-07 20:00,3.24,3.53,2.02,1.5,2.5,9,2,WDWWL,WWDWW,2026-07-28,演示数据-赛奇生成(seed=42)-非真实赛果,,
500_011,布鲁日,中日德兰,欧冠资格赛,2026-12-16 00:30,1.66,3.84,4.46,-2.0,2.5,3,8,WLLWL,LWLWL,2026-07-28,演示数据-赛奇生成(seed=42)-非真实赛果,,
500_012,布莱顿,伯恩茅斯,英超,2026-08-08 23:00,1.88,3.12,4.01,-2.0,3.5,4,7,WWWWL,LWWWW,2026-07-28,演示数据-赛奇生成(seed=42)-非真实赛果,,
500_013,曼城,纽卡斯尔,英超,2026-11-08 22:00,2.23,3.63,2.97,-1.0,2.5,5,6,WLWWD,WLLWW,2026-07-28,演示数据-赛奇生成(seed=42)-非真实赛果,,
500_014,里昂,巴黎圣日耳曼,法甲,2026-09-05 00:30,2.32,3.82,2.47,0.0,2.5,5,3,WWWWW,WLWWW,2026-07-28,演示数据-赛奇生成(seed=42)-非真实赛果,,
500_015,布雷斯特,里尔,法甲,2026-10-03 22:00,3.64,3.72,1.77,1.5,3.5,11,2,WLLWL,WWWWW,2026-07-28,演示数据-赛奇生成(seed=42)-非真实赛果,,
500_016,佛罗伦萨,罗马,意甲,2026-10-30 22:30,1.72,3.4,4.69,-2.0,3.5,3,9,WWWWD,WWWDW,2026-07-28,演示数据-赛奇生成(seed=42)-非真实赛果,,
500_017,沃尔夫斯堡,霍芬海姆,德甲,2026-10-10 22:00,4.96,3.76,1.62,2.0,3.5,16,1,WLWWW,LLWWL,2026-07-28,演示数据-赛奇生成(seed=42)-非真实赛果,,
500_018,佛罗西诺内,博洛尼亚,意甲,2026-12-27 22:30,1.76,3.97,3.39,-1.5,3.5,3,6,WWWLL,DWWLL,2026-07-28,演示数据-赛奇生成(seed=42)-非真实赛果,,
500_019,纽卡斯尔,伯恩茅斯,英超,2026-12-27 23:00,2.89,3.42,2.27,1.0,3.5,8,3,LDWWL,WWWDW,2026-07-28,演示数据-赛奇生成(seed=42)-非真实赛果,,
500_020,利物浦,西汉姆,英超,2026-09-14 22:00,4.15,3.77,1.84,2.0,2.5,13,2,DLLWL,WWDWL,2026-07-28,演示数据-赛奇生成(seed=42)-非真实赛果,,
500_021,贝尔格莱德红星,凯尔特人,欧联杯,2026-11-19 00:30,3.16,4.11,2.01,1.0,2.5,9,2,DWWWW,LWLWL,2026-07-28,演示数据-赛奇生成(seed=42)-非真实赛果,,
500_022,塞尔塔,毕尔巴鄂竞技,西甲,2026-07-24 23:00,3.19,3.15,2.26,1.0,3.5,9,3,DWWLW,WWWLL,2026-07-28,演示数据-赛奇生成(seed=42)-非真实赛果,,
500_023,莱比锡红牛,沃尔夫斯堡,德甲,2026-10-25 20:00,2.54,3.1,2.86,-0.5,3.5,6,4,WWLWL,LLWWL,2026-07-28,演示数据-赛奇生成(seed=42)-非真实赛果,,
500_024,弗赖堡,多特蒙德,德甲,2026-10-25 22:30,2.05,3.29,3.27,-1.5,2.5,4,5,WWLDW,WWLWW,2026-07-28,演示数据-赛奇生成(seed=42)-非真实赛果,,
500_025,皇家马德里,马德里竞技,西甲,2026-12-12 22:00,1.38,4.23,8.32,-2.0,3.5,2,18,DDDWW,LLLLL,2026-07-28,演示数据-赛奇生成(seed=42)-非真实赛果,,
500_026,萨索洛,博洛尼亚,意甲,2026-07-15 22:30,4.11,4.29,1.65,2.0,3.5,13,1,LLLLL,WWWWW,2026-07-28,演示数据-赛奇生成(seed=42)-非真实赛果,,
500_027,塞维利亚,瓦伦西亚,西甲,2026-09-27 22:00,1.62,3.42,5.17,-2.0,2.5,3,10,WWWWW,LWWWL,2026-07-28,演示数据-赛奇生成(seed=42)-非真实赛果,,
500_028,伯恩茅斯,布伦特福德,英超,2026-09-20 22:00,2.93,3.48,2.12,1.0,2.5,8,3,DWWWW,WDLWW,2026-07-28,演示数据-赛奇生成(seed=42)-非真实赛果,,
500_029,佛罗西诺内,拉齐奥,意甲,2026-10-04 22:00,1.94,4.8,2.67,-1.0,3.5,4,5,WWWWL,LDWWW,2026-07-28,演示数据-赛奇生成(seed=42)-非真实赛果,,
500_030,博洛尼亚,亚特兰大,意甲,2026-08-22 22:30,3.89,3.95,1.7,2.0,2.5,12,2,DLLWL,DWWWW,2026-07-28,演示数据-赛奇生成(seed=42)-非真实赛果,,
500_031,水晶宫,诺丁汉森林,英超,2026-07-19 22:00,3.62,3.03,2.09,1.5,2.5,11,2,LWWWW,LDWWW,2026-07-28,演示数据-赛奇生成(seed=42)-非真实赛果,,
500_032,莱比锡红牛,勒沃库森,德甲,2026-09-07 22:30,3.3,3.09,2.24,1.0,2.5,9,3,WWWDD,WWWWL,2026-07-28,演示数据-赛奇生成(seed=42)-非真实赛果,,
500_033,贝蒂斯,毕尔巴鄂竞技,西甲,2026-08-09 00:30,2.66,2.93,2.71,0.0,3.5,7,4,WWDWW,LWWWW,2026-07-28,演示数据-赛奇生成(seed=42)-非真实赛果,,
500_034,布鲁日,费耶诺德,欧冠资格赛,2026-12-29 03:00,1.98,3.5,3.36,-1.5,2.5,4,6,LWLLW,WWWWD,2026-07-28,演示数据-赛奇生成(seed=42)-非真实赛果,,
500_035,门兴格拉德巴赫,勒沃库森,德甲,2026-07-17 23:00,1.92,3.99,3.56,-1.5,2.5,4,6,WLWLW,WDDLL,2026-07-28,演示数据-赛奇生成(seed=42)-非真实赛果,,
500_036,布伦特福德,莱斯特城,英超,2026-10-18 20:00,4.09,3.72,1.77,2.0,3.5,12,2,WWLLL,WWDWL,2026-07-28,演示数据-赛奇生成(seed=42)-非真实赛果,,
500_037,沃尔夫斯堡,霍芬海姆,德甲,2026-10-30 23:00,1.71,3.29,5.12,-2.0,3.5,3,10,WDDWL,WLWLW,2026-07-28,演示数据-赛奇生成(seed=42)-非真实赛果,,
500_038,埃弗顿,曼联,英超,2026-10-04 00:30,1.88,3.87,3.63,-1.5,2.5,4,6,LWWLL,WDWWW,2026-07-28,演示数据-赛奇生成(seed=42)-非真实赛果,,
500_039,纽卡斯尔,热刺,英超,2026-12-27 20:00,2.21,3.97,2.77,-0.5,3.5,5,4,LLLWW,WWWLW,2026-07-28,演示数据-赛奇生成(seed=42)-非真实赛果,,
500_040,贝蒂斯,皇家社会,西甲,2026-12-27 20:00,2.24,3.31,3.16,-1.0,2.5,5,6,WLWWW,DWLDW,2026-07-28,演示数据-赛奇生成(seed=42)-非真实赛果,,
500_041,亚特兰大,萨索洛,意甲,2026-08-29 00:30,1.52,3.61,8.27,-2.0,2.5,2,18,LWWLL,LLWWL,2026-07-28,演示数据-赛奇生成(seed=42)-非真实赛果,,
500_042,皇家社会,比利亚雷亚尔,西甲,2026-10-10 22:30,1.3,5.32,6.8,-2.0,3.5,1,14,WLWWW,DWWWL,2026-07-28,演示数据-赛奇生成(seed=42)-非真实赛果,,
500_043,尼斯,马赛,法甲,2026-11-27 22:00,3.66,3.82,1.73,1.5,3.5,11,2,DLWWL,WLWLW,2026-07-28,演示数据-赛奇生成(seed=42)-非真实赛果,,
500_044,雷恩,斯特拉斯堡,法甲,2026-10-11 20:00,2.09,3.23,3.34,-1.5,3.5,5,6,WLWWL,WDDWD,2026-07-28,演示数据-赛奇生成(seed=42)-非真实赛果,,
500_045,拉齐奥,佛罗伦萨,意甲,2026-11-01 22:00,1.49,3.53,7.98,-2.0,3.5,2,17,LWWLL,DLWWD,2026-07-28,演示数据-赛奇生成(seed=42)-非真实赛果,,
500_046,瓦伦西亚,塞尔塔,西甲,2026-10-25 00:30,1.86,3.4,3.9,-2.0,2.5,4,7,WWLLD,WWLDW,2026-07-28,演示数据-赛奇生成(seed=42)-非真实赛果,,
500_047,狼队,热刺,英超,2026-07-20 00:30,5.72,3.9,1.6,2.0,3.5,19,1,LLLLD,LLWWW,2026-07-28,演示数据-赛奇生成(seed=42)-非真实赛果,,
500_048,柏林联合,斯图加特,德甲,2026-12-14 22:00,1.89,3.56,3.65,-1.5,3.5,4,6,LWWWL,LLWWW,2026-07-28,演示数据-赛奇生成(seed=42)-非真实赛果,,
500_049,柏林联合,美因茨,德甲,2026-07-19 22:00,4.17,3.19,1.93,2.0,2.5,13,2,LLLLD,DLLWW,2026-07-28,演示数据-赛奇生成(seed=42)-非真实赛果,,
500_050,卡拉巴赫,布拉加,欧冠资格赛,2026-09-08 03:00,1.41,4.72,6.58,-2.0,2.5,2,14,LWWWW,WWLDL,2026-07-28,演示数据-赛奇生成(seed=42)-非真实赛果,,
500_051,拉齐奥,萨索洛,意甲,2026-09-12 00:30,2.87,3.34,2.2,1.0,3.5,8,3,LWWLW,WWDWD,2026-07-28,演示数据-赛奇生成(seed=42)-非真实赛果,,
500_052,佛罗西诺内,那不勒斯,意甲,2026-07-17 20:00,4.08,3.93,1.78,2.0,2.5,12,2,WWWDW,WLWWL,2026-07-28,演示数据-赛奇生成(seed=42)-非真实赛果,,
500_053,美因茨,斯图加特,德甲,2026-08-08 22:00,2.13,3.93,2.88,-1.0,2.5,5,4,WLLWL,WWWLW,2026-07-28,演示数据-赛奇生成(seed=42)-非真实赛果,,
500_054,布雷斯特,摩纳哥,法甲,2026-08-02 00:30,2.3,3.58,2.61,-0.5,2.5,5,4,DWWWW,WWWWW,2026-07-28,演示数据-赛奇生成(seed=42)-非真实赛果,,
500_055,马赛,里昂,法甲,2026-12-21 20:00,4.41,3.48,1.76,2.0,3.5,14,2,DLWWW,WWWWW,2026-07-28,演示数据-赛奇生成(seed=42)-非真实赛果,,
500_056,皇家马德里,瓦伦西亚,西甲,2026-12-05 20:00,2.41,3.65,2.39,0.0,2.5,6,3,WWWDW,LWWLL,2026-07-28,演示数据-赛奇生成(seed=42)-非真实赛果,,
500_057,霍芬海姆,斯图加特,德甲,2026-12-28 00:30,1.75,4.15,4.18,-2.0,2.5,3,8,WLDWW,WWDWW,2026-07-28,演示数据-赛奇生成(seed=42)-非真实赛果,,
500_058,雷恩,尼斯,法甲,2026-10-31 23:00,2.14,3.06,3.47,-1.5,3.5,5,6,WWDLW,WWWWW,2026-07-28,演示数据-赛奇生成(seed=42)-非真实赛果,,
500_059,塞尔塔,赫罗纳,西甲,2026-12-23 20:00,2.03,3.71,3.12,-1.0,2.5,4,5,WWWWW,WLWDL,2026-07-28,演示数据-赛奇生成(seed=42)-非真实赛果,,
500_060,布莱顿,曼联,英超,2026-09-13 22:00,1.59,4.39,4.59,-2.0,2.5,3,9,WWWDW,WWWDD,2026-07-28,演示数据-赛奇生成(seed=42)-非真实赛果,,
500_061,门兴格拉德巴赫,霍芬海姆,德甲,2026-08-29 22:30,2.19,3.81,2.69,-0.5,2.5,5,4,LWWWW,WWWWW,2026-07-28,演示数据-赛奇生成(seed=42)-非真实赛果,,
500_062,AC米兰,那不勒斯,意甲,2026-09-02 23:00,2.15,3.78,2.72,-0.5,3.5,5,4,WWWLW,WLLLW,2026-07-28,演示数据-赛奇生成(seed=42)-非真实赛果,,
500_063,水晶宫,曼联,英超,2026-10-18 22:00,3.05,3.36,2.13,1.0,2.5,8,3,DLWDW,LWWWW,2026-07-28,演示数据-赛奇生成(seed=42)-非真实赛果,,
500_064,巴黎圣日耳曼,里昂,法甲,2026-10-04 22:00,2.49,3.48,2.73,-0.5,2.5,6,4,WDWWW,WWWWW,2026-07-28,演示数据-赛奇生成(seed=42)-非真实赛果,,
500_065,阿森纳,布伦特福德,英超,2026-12-13 22:00,1.45,4.69,5.29,-2.0,2.5,2,11,LWLWW,LDWWW,2026-07-28,演示数据-赛奇生成(seed=42)-非真实赛果,,
500_066,奥萨苏纳,塞维利亚,西甲,2026-09-13 22:30,2.75,4.95,1.9,1.0,3.5,7,2,LLWLL,WWDWL,2026-07-28,演示数据-赛奇生成(seed=42)-非真实赛果,,
500_067,奥萨苏纳,贝蒂斯,西甲,2026-07-26 22:30,2.33,4.33,2.23,0.0,2.5,5,3,LWWWL,DWWLW,2026-07-28,演示数据-赛奇生成(seed=42)-非真实赛果,,
500_068,本菲卡,顿涅茨克矿工,欧联杯,2026-12-31 00:30,5.3,4.37,1.56,2.0,2.5,17,1,DWDWL,WWLWW,2026-07-28,演示数据-赛奇生成(seed=42)-非真实赛果,,
500_069,切尔西,曼联,英超,2026-08-29 00:30,1.54,3.84,4.77,-2.0,3.5,2,9,WWLWW,WLDWL,2026-07-28,演示数据-赛奇生成(seed=42)-非真实赛果,,
500_070,比利亚雷亚尔,奥萨苏纳,西甲,2026-09-06 00:30,2.76,3.38,2.28,0.5,3.5,7,3,WWWLW,WDLWL,2026-07-28,演示数据-赛奇生成(seed=42)-非真实赛果,,
500_071,拜仁慕尼黑,弗赖堡,德甲,2026-11-22 22:30,3.91,3.28,1.88,2.0,2.5,12,2,LWWLW,WDDWD,2026-07-28,演示数据-赛奇生成(seed=42)-非真实赛果,,
500_072,塞尔塔,比利亚雷亚尔,西甲,2026-12-06 20:00,2.43,4.19,2.17,0.5,3.5,6,3,WWWLW,WWLWW,2026-07-28,演示数据-赛奇生成(seed=42)-非真实赛果,,
500_073,皇家马德里,贝蒂斯,西甲,2026-08-05 00:30,1.79,3.38,4.96,-2.0,3.5,3,10,WWLLW,LLLWD,2026-07-28,演示数据-赛奇生成(seed=42)-非真实赛果,,
500_074,热刺,布莱顿,英超,2026-09-13 22:00,3.27,3.21,2.24,1.0,3.5,9,3,WLLLW,WLLWL,2026-07-28,演示数据-赛奇生成(seed=42)-非真实赛果,,
500_075,摩纳哥,马赛,法甲,2026-11-30 22:00,1.71,3.54,4.8,-2.0,3.5,3,9,WWWWW,LWWWW,2026-07-28,演示数据-赛奇生成(seed=42)-非真实赛果,,
500_076,赫罗纳,皇家社会,西甲,2026-09-19 22:30,1.98,3.76,3.15,-1.0,3.5,4,5,WWDWW,WWWWW,2026-07-28,演示数据-赛奇生成(seed=42)-非真实赛果,,
500_077,阿斯顿维拉,富勒姆,英超,2026-07-31 22:30,2.62,3.99,2.37,0.5,3.5,7,3,WWDWD,WLWWW,2026-07-28,演示数据-赛奇生成(seed=42)-非真实赛果,,
500_078,皇家马德里,毕尔巴鄂竞技,西甲,2026-09-16 22:30,1.74,3.69,4.13,-2.0,3.5,3,8,WWWDW,LWWWW,2026-07-28,演示数据-赛奇生成(seed=42)-非真实赛果,,
500_079,雷恩,马赛,法甲,2026-08-01 20:00,1.88,4.16,3.54,-1.5,3.5,4,6,WLWWW,WWWWL,2026-07-28,演示数据-赛奇生成(seed=42)-非真实赛果,,
500_080,尼斯,朗斯,法甲,2026-11-30 00:30,1.88,3.31,3.99,-2.0,3.5,4,7,WWWWW,WLDWW,2026-07-28,演示数据-赛奇生成(seed=42)-非真实赛果,,
500_081,布拉加,萨格勒布迪纳摩,欧冠资格赛,2026-12-16 03:00,3.47,3.48,2.07,1.5,2.5,10,2,LWWLW,WWWWD,2026-07-28,演示数据-赛奇生成(seed=42)-非真实赛果,,
500_082,纽卡斯尔,埃弗顿,英超,2026-12-07 20:00,1.64,3.59,5.46,-2.0,3.5,3,11,LWDWW,LWWWW,2026-07-28,演示数据-赛奇生成(seed=42)-非真实赛果,,
500_083,那不勒斯,萨索洛,意甲,2026-10-11 20:00,2.07,3.98,3.12,-1.0,2.5,4,5,WWLLW,WWWWW,2026-07-28,演示数据-赛奇生成(seed=42)-非真实赛果,,
500_084,皇家马德里,毕尔巴鄂竞技,西甲,2026-11-01 22:00,2.17,3.43,2.97,-1.0,2.5,5,6,WWWLL,WLWLL,2026-07-28,演示数据-赛奇生成(seed=42)-非真实赛果,,
500_085,水晶宫,西汉姆,英超,2026-12-27 00:30,3.61,4.13,1.77,1.5,2.5,11,2,WWDLW,WLLWW,2026-07-28,演示数据-赛奇生成(seed=42)-非真实赛果,,
500_086,塞维利亚,马德里竞技,西甲,2026-09-26 00:30,2.17,3.63,2.81,-1.0,2.5,5,4,WLWWW,WDLWW,2026-07-28,演示数据-赛奇生成(seed=42)-非真实赛果,,
500_087,热刺,曼城,英超,2026-07-11 22:00,2.54,3.46,2.42,0.0,2.5,6,3,LLWWD,WLWWW,2026-07-28,演示数据-赛奇生成(seed=42)-非真实赛果,,
500_088,摩纳哥,斯特拉斯堡,法甲,2026-12-02 20:00,3.17,3.87,2.09,1.0,2.5,9,2,WLWDW,WWWDW,2026-07-28,演示数据-赛奇生成(seed=42)-非真实赛果,,
500_089,斯图加特,莱比锡红牛,德甲,2026-11-29 23:00,1.52,3.58,7.68,-2.0,3.5,2,17,WWLDW,WWLWD,2026-07-28,演示数据-赛奇生成(seed=42)-非真实赛果,,
500_090,霍芬海姆,法兰克福,德甲,2026-07-27 22:00,1.77,3.19,4.82,-2.0,3.5,3,9,WLWWD,WLWWL,2026-07-28,演示数据-赛奇生成(seed=42)-非真实赛果,,
500_091,佛罗西诺内,国际米兰,意甲,2026-09-05 23:00,2.94,4.27,2.02,1.0,3.5,8,2,LWDWW,LWLWW,2026-07-28,演示数据-赛奇生成(seed=42)-非真实赛果,,
500_092,阿森纳,伯恩茅斯,英超,2026-11-11 22:00,2.51,3.24,2.47,0.0,3.5,6,3,LLLDD,LWWWL,2026-07-28,演示数据-赛奇生成(seed=42)-非真实赛果,,
500_093,那不勒斯,尤文图斯,意甲,2026-11-14 20:00,3.89,3.9,1.84,2.0,3.5,12,2,WLLWD,LWDWL,2026-07-28,演示数据-赛奇生成(seed=42)-非真实赛果,,
500_094,门兴格拉德巴赫,沃尔夫斯堡,德甲,2026-12-26 20:00,2.29,3.28,3.13,-1.0,3.5,5,6,LWLLW,LWWWW,2026-07-28,演示数据-赛奇生成(seed=42)-非真实赛果,,
500_095,巴塞罗那,贝蒂斯,西甲,2026-10-02 23:00,2.08,3.36,3.53,-1.5,2.5,4,6,DWDWW,WLWDL,2026-07-28,演示数据-赛奇生成(seed=42)-非真实赛果,,
500_096,赫罗纳,塞维利亚,西甲,2026-08-29 23:00,2.47,3.15,2.91,-0.5,3.5,6,5,WWLWL,WLLLW,2026-07-28,演示数据-赛奇生成(seed=42)-非真实赛果,,
500_097,尤文图斯,博洛尼亚,意甲,2026-10-18 20:00,4.32,4.26,1.7,2.0,3.5,13,2,WDLLL,DWWDW,2026-07-28,演示数据-赛奇生成(seed=42)-非真实赛果,,
500_098,美因茨,门兴格拉德巴赫,德甲,2026-12-13 22:30,3.66,3.89,1.86,1.5,2.5,11,2,WWWWW,WLWWW,2026-07-28,演示数据-赛奇生成(seed=42)-非真实赛果,,
500_099,柏林联合,沃尔夫斯堡,德甲,2026-10-10 22:00,1.65,3.52,5.09,-2.0,2.5,3,10,LLWWL,LWDWL,2026-07-28,演示数据-赛奇生成(seed=42)-非真实赛果,,
500_100,曼联,伯恩茅斯,英超,2026-10-30 22:00,3.84,3.54,1.83,2.0,2.5,11,2,LLDWW,WWWDW,2026-07-28,演示数据-赛奇生成(seed=42)-非真实赛果,,
500_101,切尔西,纽卡斯尔,英超,2026-07-11 22:00,1.48,3.93,7.44,-2.0,2.5,2,16,LLLLW,WLLWL,2026-07-28,演示数据-赛奇生成(seed=42)-非真实赛果,,
500_102,雷恩,摩纳哥,法甲,2026-11-08 20:00,1.55,3.78,6.54,-2.0,2.5,2,14,WWWWW,LWWLL,2026-07-28,演示数据-赛奇生成(seed=42)-非真实赛果,,
500_103,贝蒂斯,巴塞罗那,西甲,2026-09-02 20:00,1.41,4.07,8.67,-2.0,3.5,2,19,LWWWW,DWLLW,2026-07-28,演示数据-赛奇生成(seed=42)-非真实赛果,,
500_104,纽卡斯尔,埃弗顿,英超,2026-08-03 20:00,2.57,3.56,2.28,0.5,2.5,6,3,DWLWW,WLWDW,2026-07-28,演示数据-赛奇生成(seed=42)-非真实赛果,,
500_105,博洛尼亚,拉齐奥,意甲,2026-11-08 22:30,2.17,3.22,2.88,-1.0,2.5,5,4,LLDLL,DLDDW,2026-07-28,演示数据-赛奇生成(seed=42)-非真实赛果,,
500_106,巴塞罗那,比利亚雷亚尔,西甲,2026-08-29 22:00,1.95,3.84,3.32,-1.5,3.5,4,6,WLLWL,WWLWL,2026-07-28,演示数据-赛奇生成(seed=42)-非真实赛果,,
500_107,都灵,拉齐奥,意甲,2026-12-04 00:30,1.94,5.09,2.94,-1.0,3.5,4,5,WWWWL,DWDWL,2026-07-28,演示数据-赛奇生成(seed=42)-非真实赛果,,
500_108,热刺,阿斯顿维拉,英超,2026-09-19 23:00,2.08,4.02,2.76,-1.0,2.5,4,5,LWLWW,LWLDW,2026-07-28,演示数据-赛奇生成(seed=42)-非真实赛果,,
500_109,莱斯特城,布莱顿,英超,2026-11-20 22:30,1.85,3.75,3.62,-1.5,2.5,4,6,DWWWW,WLLLL,2026-07-28,演示数据-赛奇生成(seed=42)-非真实赛果,,
500_110,尼斯,布雷斯特,法甲,2026-10-03 20:00,3.72,3.23,1.92,1.5,2.5,11,2,LWWWW,DDWWL,2026-07-28,演示数据-赛奇生成(seed=42)-非真实赛果,,
500_111,比利亚雷亚尔,赫罗纳,西甲,2026-11-07 22:00,2.37,3.22,3.11,-1.0,2.5,6,5,WWLDW,WDDWL,2026-07-28,演示数据-赛奇生成(seed=42)-非真实赛果,,
500_112,门兴格拉德巴赫,多特蒙德,德甲,2026-08-09 22:00,3.68,4.25,1.65,2.0,2.5,11,1,WLWLW,WLWLW,2026-07-28,演示数据-赛奇生成(seed=42)-非真实赛果,,
500_113,亚特兰大,国际米兰,意甲,2026-09-12 22:00,2.03,4.11,2.67,-1.0,2.5,4,5,WDWLW,LWLLL,2026-07-28,演示数据-赛奇生成(seed=42)-非真实赛果,,
500_114,霍芬海姆,柏林联合,德甲,2026-11-22 22:30,5.08,3.32,1.63,2.0,3.5,16,1,LLWWL,WDWWW,2026-07-28,演示数据-赛奇生成(seed=42)-非真实赛果,,
500_115,哥本哈根,波尔图,欧冠资格赛,2026-09-15 00:30,4.26,3.71,1.74,2.0,2.5,13,2,WWDWL,WLWWW,2026-07-28,演示数据-赛奇生成(seed=42)-非真实赛果,,
500_116,里尔,斯特拉斯堡,法甲,2026-07-11 20:00,2.33,3.91,2.5,0.0,2.5,5,4,WWWWD,LLWWW,2026-07-28,演示数据-赛奇生成(seed=42)-非真实赛果,,
500_117,萨格勒布迪纳摩,卡拉巴赫,欧冠资格赛,2026-10-20 00:30,1.96,4.02,3.15,-1.0,2.5,4,5,LWWWD,WWWWW,2026-07-28,演示数据-赛奇生成(seed=42)-非真实赛果,,
500_118,西汉姆,阿斯顿维拉,英超,2026-09-11 20:00,1.62,3.72,4.35,-2.0,2.5,3,8,WWWWW,LLWWW,2026-07-28,演示数据-赛奇生成(seed=42)-非真实赛果,,
500_119,斯图加特,门兴格拉德巴赫,德甲,2026-11-08 22:00,5.94,3.68,1.61,2.0,3.5,20,1,LWLWL,DLDLW,2026-07-28,演示数据-赛奇生成(seed=42)-非真实赛果,,
500_120,佛罗伦萨,罗马,意甲,2026-09-05 22:30,1.64,3.83,4.63,-2.0,3.5,3,9,WLWLW,DWLWW,2026-07-28,演示数据-赛奇生成(seed=42)-非真实赛果,,
500_121,佛罗伦萨,国际米兰,意甲,2026-11-29 22:00,1.88,3.61,3.63,-1.5,2.5,4,6,WLWLW,WLDWW,2026-07-28,演示数据-赛奇生成(seed=42)-非真实赛果,,
500_122,莱比锡红牛,美因茨,德甲,2026-09-21 22:30,3.56,3.11,2.2,1.5,3.5,10,3,WLLLW,DWWWW,2026-07-28,演示数据-赛奇生成(seed=42)-非真实赛果,,
500_123,皇家马德里,巴塞罗那,西甲,2026-12-11 00:30,1.89,2.86,4.79,-2.0,3.5,4,9,DDWWW,LWLDW,2026-07-28,演示数据-赛奇生成(seed=42)-非真实赛果,,
500_124,国际米兰,萨索洛,意甲,2026-10-12 22:00,1.75,3.17,4.58,-2.0,3.5,3,9,WLLWW,DLWDD,2026-07-28,演示数据-赛奇生成(seed=42)-非真实赛果,,
500_125,布雷斯特,马赛,法甲,2026-07-18 22:30,3.31,4.79,1.84,1.5,3.5,9,2,WLLWW,LWLWW,2026-07-28,演示数据-赛奇生成(seed=42)-非真实赛果,,
500_126,布伦特福德,利物浦,英超,2026-08-23 20:00,1.49,3.53,6.39,-2.0,3.5,2,13,WWWWW,WLWLW,2026-07-28,演示数据-赛奇生成(seed=42)-非真实赛果,,
500_127,佛罗西诺内,都灵,意甲,2026-07-12 20:00,1.69,3.17,4.89,-2.0,3.5,3,10,WLWWW,WWWLW,2026-07-28,演示数据-赛奇生成(seed=42)-非真实赛果,,
500_128,比利亚雷亚尔,皇家社会,西甲,2026-08-30 22:30,2.06,3.77,3.31,-1.5,2.5,4,6,WDWWW,LDWLL,2026-07-28,演示数据-赛奇生成(seed=42)-非真实赛果,,
500_129,国际米兰,拉齐奥,意甲,2026-11-25 22:00,2.13,3.4,3.02,-1.0,3.5,5,6,LWWWW,WLWWW,2026-07-28,演示数据-赛奇生成(seed=42)-非真实赛果,,
500_130,哥本哈根,埃因霍温,欧联杯,2026-09-10 03:00,2.26,3.31,2.8,-0.5,3.5,5,4,WWWWL,LWLWL,2026-07-28,演示数据-赛奇生成(seed=42)-非真实赛果,,
500_131,巴塞罗那,贝蒂斯,西甲,2026-10-10 22:00,2.29,3.64,2.58,-0.5,2.5,5,4,WWDWW,WDWDL,2026-07-28,演示数据-赛奇生成(seed=42)-非真实赛果,,
500_132,纽卡斯尔,布伦特福德,英超,2026-12-20 23:00,2.03,3.03,3.48,-1.5,2.5,4,6,DWLWD,LLDWD,2026-07-28,演示数据-赛奇生成(seed=42)-非真实赛果,,
500_133,里昂,斯特拉斯堡,法甲,2026-10-25 22:30,1.41,3.91,7.74,-2.0,3.5,2,17,WWLDW,WLWLW,2026-07-28,演示数据-赛奇生成(seed=42)-非真实赛果,,
500_134,多特蒙德,霍芬海姆,德甲,2026-11-11 22:00,2.68,3.85,2.07,1.0,3.5,7,2,LWLWL,LWDLW,2026-07-28,演示数据-赛奇生成(seed=42)-非真实赛果,,
500_135,佛罗伦萨,佛罗西诺内,意甲,2026-12-06 22:30,3.38,3.0,2.15,1.5,2.5,10,3,LLLLW,LWWWW,2026-07-28,演示数据-赛奇生成(seed=42)-非真实赛果,,
500_136,马赛,里尔,法甲,2026-09-06 23:00,1.47,3.52,6.55,-2.0,2.5,2,14,WDWWW,WWWLL,2026-07-28,演示数据-赛奇生成(seed=42)-非真实赛果,,
500_137,美因茨,多特蒙德,德甲,2026-10-04 22:00,1.71,3.61,4.48,-2.0,3.5,3,9,WWLWW,WWWWD,2026-07-28,演示数据-赛奇生成(seed=42)-非真实赛果,,
500_138,西汉姆,莱斯特城,英超,2026-09-27 22:30,1.59,3.46,5.65,-2.0,3.5,3,12,WLLDL,WWWLL,2026-07-28,演示数据-赛奇生成(seed=42)-非真实赛果,,
500_139,摩纳哥,巴黎圣日耳曼,法甲,2026-10-17 22:30,2.1,4.26,2.71,-1.0,2.5,5,4,LWLWW,WWWWL,2026-07-28,演示数据-赛奇生成(seed=42)-非真实赛果,,
500_140,伯恩茅斯,阿斯顿维拉,英超,2026-11-28 20:00,4.35,3.21,1.96,2.0,3.5,13,2,WLLWW,WWWWW,2026-07-28,演示数据-赛奇生成(seed=42)-非真实赛果,,
500_141,亚特兰大,尤文图斯,意甲,2026-07-24 22:00,1.63,4.1,4.56,-2.0,3.5,3,9,WWWLW,LWWDL,2026-07-28,演示数据-赛奇生成(seed=42)-非真实赛果,,
500_142,法兰克福,斯图加特,德甲,2026-09-06 22:00,1.64,5.12,3.36,-1.5,3.5,3,6,LLWWW,WLLWW,2026-07-28,演示数据-赛奇生成(seed=42)-非真实赛果,,
500_143,斯图加特,勒沃库森,德甲,2026-09-26 22:00,3.22,3.31,2.22,1.0,3.5,9,3,WLWLW,WWWWD,2026-07-28,演示数据-赛奇生成(seed=42)-非真实赛果,,
500_144,巴塞罗那,瓦伦西亚,西甲,2026-08-12 20:00,1.73,3.32,5.12,-2.0,3.5,3,10,WWWWW,DWWDW,2026-07-28,演示数据-赛奇生成(seed=42)-非真实赛果,,
500_145,尼斯,里昂,法甲,2026-12-27 22:30,3.07,4.12,2.0,1.0,3.5,8,2,WLWWL,DLWWD,2026-07-28,演示数据-赛奇生成(seed=42)-非真实赛果,,
500_146,诺丁汉森林,布莱顿,英超,2026-07-08 20:00,1.8,3.39,4.48,-2.0,3.5,3,9,WWWLW,WWWWW,2026-07-28,演示数据-赛奇生成(seed=42)-非真实赛果,,
500_147,斯特拉斯堡,朗斯,法甲,2026-12-27 22:00,2.7,3.33,2.29,0.5,2.5,7,3,LWWLD,WWWDL,2026-07-28,演示数据-赛奇生成(seed=42)-非真实赛果,,
500_148,多特蒙德,拜仁慕尼黑,德甲,2026-10-24 20:00,1.85,3.33,3.89,-2.0,3.5,4,7,WDWWW,LWLWW,2026-07-28,演示数据-赛奇生成(seed=42)-非真实赛果,,
500_149,马德里竞技,毕尔巴鄂竞技,西甲,2026-11-06 23:00,2.07,4.29,2.92,-1.0,2.5,4,5,WLWDL,LWWWL,2026-07-28,演示数据-赛奇生成(seed=42)-非真实赛果,,
500_150,富勒姆,阿森纳,英超,2026-07-26 22:30,1.99,4.23,2.75,-1.0,3.5,4,5,WLWWW,LWLLD,2026-07-28,演示数据-赛奇生成(seed=42)-非真实赛果,,
500_151,贝尔格莱德红星,波尔图,欧联杯,2026-07-16 03:00,5.86,4.04,1.56,2.0,2.5,19,1,WWWWL,WWWWW,2026-07-28,演示数据-赛奇生成(seed=42)-非真实赛果,,
500_152,切尔西,诺丁汉森林,英超,2026-07-19 23:00,1.89,3.11,3.81,-1.5,3.5,4,7,LWLLW,LWLWL,2026-07-28,演示数据-赛奇生成(seed=42)-非真实赛果,,
500_153,门兴格拉德巴赫,柏林联合,德甲,2026-09-05 22:00,2.93,3.62,2.06,1.0,3.5,8,2,LLWWW,WDWLW,2026-07-28,演示数据-赛奇生成(seed=42)-非真实赛果,,
500_154,富勒姆,西汉姆,英超,2026-09-13 20:00,2.75,4.45,2.14,1.0,3.5,7,3,WLLWD,LWWWW,2026-07-28,演示数据-赛奇生成(seed=42)-非真实赛果,,
500_155,斯特拉斯堡,摩纳哥,法甲,2026-10-25 22:30,4.6,3.2,1.73,2.0,2.5,14,2,WWWLD,LWWWW,2026-07-28,演示数据-赛奇生成(seed=42)-非真实赛果,,
500_156,帕纳辛奈科斯,年轻人,欧联杯,2026-07-30 03:00,2.61,3.2,2.39,0.5,2.5,7,3,DWDDW,WLWWL,2026-07-28,演示数据-赛奇生成(seed=42)-非真实赛果,,
500_157,门兴格拉德巴赫,勒沃库森,德甲,2026-10-17 22:00,2.8,3.62,2.08,1.0,2.5,7,2,LLWWW,WWDWW,2026-07-28,演示数据-赛奇生成(seed=42)-非真实赛果,,
500_158,富勒姆,水晶宫,英超,2026-12-12 00:30,2.61,3.91,2.4,0.5,3.5,7,3,LDWDW,WWLWW,2026-07-28,演示数据-赛奇生成(seed=42)-非真实赛果,,
500_159,皇家社会,瓦伦西亚,西甲,2026-11-18 22:00,2.25,2.98,3.22,-1.0,2.5,5,6,WLLLW,WWWWL,2026-07-28,演示数据-赛奇生成(seed=42)-非真实赛果,,
500_160,霍芬海姆,柏林联合,德甲,2026-08-30 22:00,2.0,3.43,3.2,-1.5,2.5,4,5,WWWWL,LLWWW,2026-07-28,演示数据-赛奇生成(seed=42)-非真实赛果,,
500_161,霍芬海姆,柏林联合,德甲,2026-10-31 23:00,1.89,3.54,3.98,-2.0,2.5,4,7,LWWWW,LWWWW,2026-07-28,演示数据-赛奇生成(seed=42)-非真实赛果,,
500_162,莱比锡红牛,沃尔夫斯堡,德甲,2026-09-18 20:00,2.6,3.1,2.81,-0.5,3.5,7,4,LLLWD,WWLWL,2026-07-28,演示数据-赛奇生成(seed=42)-非真实赛果,,
500_163,亚特兰大,博洛尼亚,意甲,2026-10-10 20:00,1.88,3.66,4.02,-2.0,2.5,4,7,WDLWW,WWWLW,2026-07-28,演示数据-赛奇生成(seed=42)-非真实赛果,,
500_164,阿森纳,热刺,英超,2026-09-11 22:30,3.8,3.06,1.99,1.5,3.5,11,2,WWLWW,WLDWW,2026-07-28,演示数据-赛奇生成(seed=42)-非真实赛果,,
500_165,瓦伦西亚,奥萨苏纳,西甲,2026-11-07 22:00,3.86,3.03,1.99,1.5,2.5,12,2,LLWWW,WDWWW,2026-07-28,演示数据-赛奇生成(seed=42)-非真实赛果,,
500_166,费内巴切,波尔图,欧冠资格赛,2026-12-29 22:00,3.65,3.84,1.75,1.5,3.5,11,2,WLLWW,WWDWW,2026-07-28,演示数据-赛奇生成(seed=42)-非真实赛果,,
500_167,摩纳哥,朗斯,法甲,2026-10-16 22:30,2.32,3.7,2.6,-0.5,2.5,5,4,LLWLW,WLLDW,2026-07-28,演示数据-赛奇生成(seed=42)-非真实赛果,,
500_168,曼城,水晶宫,英超,2026-09-27 22:00,1.98,3.34,3.46,-1.5,2.5,4,6,LWWWW,DLWWW,2026-07-28,演示数据-赛奇生成(seed=42)-非真实赛果,,
500_169,比利亚雷亚尔,瓦伦西亚,西甲,2026-09-13 20:00,1.82,3.33,4.05,-2.0,3.5,3,7,WWLLL,LWLWL,2026-07-28,演示数据-赛奇生成(seed=42)-非真实赛果,,
500_170,莱比锡红牛,弗赖堡,德甲,2026-12-30 20:00,3.34,3.93,1.89,1.5,3.5,9,2,LLWWL,LWWWD,2026-07-28,演示数据-赛奇生成(seed=42)-非真实赛果,,
500_171,巴黎圣日耳曼,里尔,法甲,2026-11-29 20:00,1.62,3.62,6.13,-2.0,3.5,3,13,WWLDW,LDWDL,2026-07-28,演示数据-赛奇生成(seed=42)-非真实赛果,,
500_172,多特蒙德,斯图加特,德甲,2026-08-12 00:30,2.53,3.46,2.37,0.0,3.5,6,3,DLWWW,WDLWW,2026-07-28,演示数据-赛奇生成(seed=42)-非真实赛果,,
500_173,国际米兰,萨索洛,意甲,2026-07-25 20:00,4.68,3.05,1.86,2.0,3.5,15,2,WLLLW,WLWWD,2026-07-28,演示数据-赛奇生成(seed=42)-非真实赛果,,
500_174,顿涅茨克矿工,卡拉巴赫,欧联杯,2026-07-23 03:00,2.78,4.72,2.05,1.0,2.5,7,2,LWLWW,WWLLW,2026-07-28,演示数据-赛奇生成(seed=42)-非真实赛果,,
500_175,毕尔巴鄂竞技,皇家马德里,西甲,2026-12-20 22:30,1.88,3.63,3.54,-1.5,2.5,4,6,DLWWW,DWDWL,2026-07-28,演示数据-赛奇生成(seed=42)-非真实赛果,,
500_176,伯恩茅斯,布伦特福德,英超,2026-09-04 00:30,1.52,4.99,4.47,-2.0,2.5,2,9,WWWWW,DDDLL,2026-07-28,演示数据-赛奇生成(seed=42)-非真实赛果,,
500_177,年轻人,帕纳辛奈科斯,欧冠资格赛,2026-08-04 00:30,1.48,3.16,8.0,-2.0,2.5,2,17,LWWWW,LLLLD,2026-07-28,演示数据-赛奇生成(seed=42)-非真实赛果,,
500_178,本菲卡,加拉塔萨雷,欧冠资格赛,2026-08-26 00:30,2.75,3.09,2.34,0.5,2.5,7,3,WWWWD,DLLWW,2026-07-28,演示数据-赛奇生成(seed=42)-非真实赛果,,
500_179,狼队,布伦特福德,英超,2026-11-11 22:00,2.22,3.08,3.18,-1.0,3.5,5,6,LWWLW,WWWWW,2026-07-28,演示数据-赛奇生成(seed=42)-非真实赛果,,
500_180,巴塞罗那,比利亚雷亚尔,西甲,2026-08-02 23:00,2.43,3.29,2.64,-0.5,2.5,6,4,WLWWW,LWWLL,2026-07-28,演示数据-赛奇生成(seed=42)-非真实赛果,,
500_181,阿贾克斯,费内巴切,欧联杯,2026-07-30 23:00,4.19,3.71,1.64,2.0,2.5,13,1,LWDWW,DWWDD,2026-07-28,演示数据-赛奇生成(seed=42)-非真实赛果,,
500_182,伯恩茅斯,纽卡斯尔,英超,2026-11-13 22:00,3.12,4.22,1.93,1.0,2.5,9,2,DWLLL,WWWWW,2026-07-28,演示数据-赛奇生成(seed=42)-非真实赛果,,
500_183,亚特兰大,佛罗伦萨,意甲,2026-07-26 22:30,2.72,3.45,2.31,0.5,3.5,7,3,WWLWL,WWWWL,2026-07-28,演示数据-赛奇生成(seed=42)-非真实赛果,,
500_184,奥萨苏纳,塞尔塔,西甲,2026-08-31 23:00,1.94,4.77,3.06,-1.0,2.5,4,5,WWWLW,DLWLW,2026-07-28,演示数据-赛奇生成(seed=42)-非真实赛果,,
500_185,布莱顿,莱斯特城,英超,2026-12-25 22:00,1.76,3.45,5.12,-2.0,2.5,3,10,WDLWW,WDWLD,2026-07-28,演示数据-赛奇生成(seed=42)-非真实赛果,,
500_186,布伦特福德,利物浦,英超,2026-12-14 20:00,1.72,4.45,3.73,-2.0,2.5,3,7,WWWWL,WWWLL,2026-07-28,演示数据-赛奇生成(seed=42)-非真实赛果,,
500_187,毕尔巴鄂竞技,贝蒂斯,西甲,2026-07-18 23:00,2.66,2.95,2.64,0.0,2.5,7,4,LWWWW,WLLDW,2026-07-28,演示数据-赛奇生成(seed=42)-非真实赛果,,
500_188,瓦伦西亚,巴塞罗那,西甲,2026-09-12 22:30,5.46,3.99,1.53,2.0,2.5,18,1,LLWLL,WWDWW,2026-07-28,演示数据-赛奇生成(seed=42)-非真实赛果,,
500_189,伯恩茅斯,水晶宫,英超,2026-10-25 22:00,2.56,3.71,2.26,0.5,2.5,6,3,WLWWL,LLWWL,2026-07-28,演示数据-赛奇生成(seed=42)-非真实赛果,,
500_190,里昂,摩纳哥,法甲,2026-09-19 23:00,3.02,3.42,2.11,1.0,3.5,8,3,WWWLW,WWWLW,2026-07-28,演示数据-赛奇生成(seed=42)-非真实赛果,,
500_191,奥萨苏纳,巴塞罗那,西甲,2026-12-27 22:00,1.98,3.66,3.51,-1.5,3.5,4,6,LWWWL,WDLWL,2026-07-28,演示数据-赛奇生成(seed=42)-非真实赛果,,
500_192,勒沃库森,柏林联合,德甲,2026-08-29 20:00,1.68,3.94,4.54,-2.0,3.5,3,9,WDLWL,LWLWW,2026-07-28,演示数据-赛奇生成(seed=42)-非真实赛果,,
500_193,弗赖堡,门兴格拉德巴赫,德甲,2026-12-05 23:00,1.47,4.17,7.55,-2.0,2.5,2,16,LWWWW,WLLDL,2026-07-28,演示数据-赛奇生成(seed=42)-非真实赛果,,
500_194,马德里竞技,巴塞罗那,西甲,2026-11-22 22:00,4.41,3.66,1.71,2.0,2.5,14,2,LLLWL,WWWWW,2026-07-28,演示数据-赛奇生成(seed=42)-非真实赛果,,
500_195,沃尔夫斯堡,多特蒙德,德甲,2026-07-19 22:30,1.56,3.89,4.74,-2.0,3.5,2,9,LWDWL,LWLWW,2026-07-28,演示数据-赛奇生成(seed=42)-非真实赛果,,
500_196,切尔西,莱斯特城,英超,2026-12-13 22:30,2.89,3.64,2.27,1.0,3.5,8,3,WWWLW,WDLWW,2026-07-28,演示数据-赛奇生成(seed=42)-非真实赛果,,
500_197,加拉塔萨雷,圣吉罗斯,欧冠资格赛,2026-12-01 00:30,2.13,5.3,2.21,0.0,2.5,5,3,WWLDW,WLWLW,2026-07-28,演示数据-赛奇生成(seed=42)-非真实赛果,,
500_198,水晶宫,切尔西,英超,2026-10-03 00:30,1.61,3.29,5.61,-2.0,2.5,3,11,DWDWW,LWLWL,2026-07-28,演示数据-赛奇生成(seed=42)-非真实赛果,,
500_199,皇家社会,比利亚雷亚尔,西甲,2026-10-17 22:00,1.49,3.62,7.06,-2.0,3.5,2,15,WWWWW,LLLLL,2026-07-28,演示数据-赛奇生成(seed=42)-非真实赛果,,
500_200,阿森纳,狼队,英超,2026-11-28 22:30,2.51,3.25,2.91,-0.5,3.5,6,5,WLDWW,WWLWW,2026-07-28,演示数据-赛奇生成(seed=42)-非真实赛果,,
500_201,AC米兰,佛罗伦萨,意甲,2026-10-10 22:00,1.38,4.62,5.8,-2.0,3.5,2,12,WWWDL,WLWLL,2026-07-28,演示数据-赛奇生成(seed=42)-非真实赛果,,
500_202,赫罗纳,塞尔塔,西甲,2026-08-24 22:00,3.1,3.35,2.3,1.0,3.5,9,3,WLLWL,WLWDW,2026-07-28,演示数据-赛奇生成(seed=42)-非真实赛果,,
500_203,柏林联合,美因茨,德甲,2026-10-16 22:30,1.59,5.09,4.0,-2.0,2.5,3,7,WWWWW,WWLWL,2026-07-28,演示数据-赛奇生成(seed=42)-非真实赛果,,
500_204,国际米兰,都灵,意甲,2026-10-04 20:00,3.04,3.25,2.33,1.0,3.5,8,3,DDLWW,WLWWL,2026-07-28,演示数据-赛奇生成(seed=42)-非真实赛果,,
500_205,多特蒙德,拜仁慕尼黑,德甲,2026-12-27 22:30,1.45,3.63,8.5,-2.0,3.5,2,19,WWLWW,WLLLL,2026-07-28,演示数据-赛奇生成(seed=42)-非真实赛果,,
500_206,拉齐奥,国际米兰,意甲,2026-10-03 23:00,4.72,3.42,1.76,2.0,3.5,15,2,DWWWL,WLWWW,2026-07-28,演示数据-赛奇生成(seed=42)-非真实赛果,,
500_207,比利亚雷亚尔,赫罗纳,西甲,2026-10-10 22:00,2.36,3.75,2.6,-0.5,3.5,6,4,DWWWW,WDLWD,2026-07-28,演示数据-赛奇生成(seed=42)-非真实赛果,,
500_208,曼联,纽卡斯尔,英超,2026-07-04 20:00,5.23,3.47,1.67,2.0,3.5,17,1,LWWWD,WWWLW,2026-07-28,演示数据-赛奇生成(seed=42)-非真实赛果,,
500_209,罗马,AC米兰,意甲,2026-11-01 22:00,2.01,3.82,2.96,-1.0,2.5,4,5,WWWWW,WWWWW,2026-07-28,演示数据-赛奇生成(seed=42)-非真实赛果,,
500_210,赫罗纳,瓦伦西亚,西甲,2026-09-28 22:00,2.24,2.92,3.7,-1.5,2.5,5,7,LWWWL,WWDWW,2026-07-28,演示数据-赛奇生成(seed=42)-非真实赛果,,
500_211,贝蒂斯,塞维利亚,西甲,2026-08-01 22:00,1.67,3.17,4.92,-2.0,3.5,3,10,LWDLW,WWWWL,2026-07-28,演示数据-赛奇生成(seed=42)-非真实赛果,,
500_212,阿斯顿维拉,狼队,英超,2026-09-25 22:00,1.83,3.45,3.86,-2.0,3.5,3,7,WWLLL,WDWWW,2026-07-28,演示数据-赛奇生成(seed=42)-非真实赛果,,
500_213,波尔图,贝尔格莱德红星,欧联杯,2026-09-17 23:00,4.39,4.08,1.69,2.0,2.5,14,1,LWWWW,WWDWW,2026-07-28,演示数据-赛奇生成(seed=42)-非真实赛果,,
500_214,利物浦,伯恩茅斯,英超,2026-09-06 20:00,3.72,3.26,1.98,1.5,2.5,11,2,LLLWD,WWLWL,2026-07-28,演示数据-赛奇生成(seed=42)-非真实赛果,,
500_215,布莱顿,曼联,英超,2026-08-07 22:00,1.81,3.84,3.83,-2.0,3.5,3,7,WLWWW,WWWWW,2026-07-28,演示数据-赛奇生成(seed=42)-非真实赛果,,
500_216,都灵,那不勒斯,意甲,2026-07-22 22:30,1.73,3.49,4.53,-2.0,2.5,3,9,WWWDW,LLWLW,2026-07-28,演示数据-赛奇生成(seed=42)-非真实赛果,,
500_217,斯特拉斯堡,摩纳哥,法甲,2026-09-26 23:00,2.88,3.25,2.4,0.5,2.5,8,3,LWLLL,LWWWW,2026-07-28,演示数据-赛奇生成(seed=42)-非真实赛果,,
500_218,狼队,阿森纳,英超,2026-08-10 20:00,1.84,3.4,4.16,-2.0,3.5,4,8,DDWWW,WLWWW,2026-07-28,演示数据-赛奇生成(seed=42)-非真实赛果,,
500_219,奥萨苏纳,塞维利亚,西甲,2026-11-09 22:00,2.41,3.46,2.5,0.0,3.5,6,4,DWWWW,DWWWL,2026-07-28,演示数据-赛奇生成(seed=42)-非真实赛果,,
500_220,伯恩茅斯,富勒姆,英超,2026-07-12 22:00,2.1,3.57,3.38,-1.5,2.5,5,6,DWWWW,LWWWW,2026-07-28,演示数据-赛奇生成(seed=42)-非真实赛果,,
500_221,皇家社会,塞尔塔,西甲,2026-07-11 20:00,1.7,3.52,5.51,-2.0,2.5,3,11,WDWWL,WLWLD,2026-07-28,演示数据-赛奇生成(seed=42)-非真实赛果,,
500_222,西汉姆,热刺,英超,2026-12-26 20:00,2.39,3.31,2.94,-0.5,3.5,6,5,LWLWW,WWWWW,2026-07-28,演示数据-赛奇生成(seed=42)-非真实赛果,,
500_223,尤文图斯,那不勒斯,意甲,2026-07-20 23:00,4.6,3.16,1.75,2.0,3.5,14,2,LWWWW,WWWLW,2026-07-28,演示数据-赛奇生成(seed=42)-非真实赛果,,
500_224,奥林匹亚科斯,维也纳快速,欧冠资格赛,2026-12-29 03:00,4.19,3.63,1.68,2.0,2.5,13,1,LWWLD,WLLWW,2026-07-28,演示数据-赛奇生成(seed=42)-非真实赛果,,
500_225,亚特兰大,那不勒斯,意甲,2026-08-28 22:30,1.93,3.24,4.29,-2.0,3.5,4,8,WWWWW,WLLLW,2026-07-28,演示数据-赛奇生成(seed=42)-非真实赛果,,
500_226,国际米兰,罗马,意甲,2026-12-27 23:00,3.28,3.47,2.03,1.5,3.5,9,2,WLWLW,LLWWL,2026-07-28,演示数据-赛奇生成(seed=42)-非真实赛果,,
500_227,马赛,巴黎圣日耳曼,法甲,2026-07-13 22:30,1.73,4.02,4.04,-2.0,2.5,3,7,LWWWW,LWWWW,2026-07-28,演示数据-赛奇生成(seed=42)-非真实赛果,,
500_228,萨索洛,AC米兰,意甲,2026-12-05 20:00,4.24,4.34,1.71,2.0,3.5,13,2,LWLLD,LWWLW,2026-07-28,演示数据-赛奇生成(seed=42)-非真实赛果,,
500_229,埃因霍温,贝尔格莱德红星,欧联杯,2026-07-02 00:30,2.65,2.84,2.96,-0.5,2.5,7,5,LWLWW,DLWWD,2026-07-28,演示数据-赛奇生成(seed=42)-非真实赛果,,
500_230,斯图加特,柏林联合,德甲,2026-09-12 22:00,2.32,3.75,2.57,-0.5,3.5,5,4,DWWWL,WWLWL,2026-07-28,演示数据-赛奇生成(seed=42)-非真实赛果,,
500_231,帕纳辛奈科斯,布鲁日,欧联杯,2026-07-30 03:00,3.26,4.0,1.91,1.5,2.5,9,2,LWWLL,DWDDW,2026-07-28,演示数据-赛奇生成(seed=42)-非真实赛果,,
500_232,哥本哈根,阿贾克斯,欧联杯,2026-07-23 23:00,1.61,4.16,3.92,-2.0,2.5,3,7,LWWWW,WWWWW,2026-07-28,演示数据-赛奇生成(seed=42)-非真实赛果,,
500_233,伯恩茅斯,热刺,英超,2026-11-08 20:00,3.84,2.86,2.06,1.5,3.5,11,2,LWLDW,WWLDW,2026-07-28,演示数据-赛奇生成(seed=42)-非真实赛果,,
500_234,弗赖堡,门兴格拉德巴赫,德甲,2026-09-21 00:30,1.97,4.3,2.89,-1.0,2.5,4,5,WWWWL,LWLWW,2026-07-28,演示数据-赛奇生成(seed=42)-非真实赛果,,
500_235,赫罗纳,塞维利亚,西甲,2026-09-13 23:00,1.75,3.47,4.28,-2.0,2.5,3,8,WLWWW,WLWWD,2026-07-28,演示数据-赛奇生成(seed=42)-非真实赛果,,
500_236,佛罗西诺内,拉齐奥,意甲,2026-08-08 22:00,1.53,3.78,5.28,-2.0,3.5,2,11,WDWDL,LDDWL,2026-07-28,演示数据-赛奇生成(seed=42)-非真实赛果,,
500_237,霍芬海姆,斯图加特,德甲,2026-09-06 23:00,1.99,4.08,3.29,-1.5,2.5,4,6,WWWWW,LWWWW,2026-07-28,演示数据-赛奇生成(seed=42)-非真实赛果,,
500_238,塞维利亚,塞尔塔,西甲,2026-09-12 00:30,2.83,3.63,2.06,1.0,2.5,7,2,LWLWW,DWWWW,2026-07-28,演示数据-赛奇生成(seed=42)-非真实赛果,,
500_239,伯恩茅斯,水晶宫,英超,2026-09-04 23:00,2.35,3.58,2.51,0.0,3.5,6,4,WLLWL,WLWDW,2026-07-28,演示数据-赛奇生成(seed=42)-非真实赛果,,
500_240,巴黎圣日耳曼,雷恩,法甲,2026-11-22 22:00,2.23,3.84,2.9,-1.0,2.5,5,6,DDWWD,DLLLD,2026-07-28,演示数据-赛奇生成(seed=42)-非真实赛果,,
500_241,斯特拉斯堡,里尔,法甲,2026-11-06 22:00,2.22,3.23,3.06,-1.0,2.5,5,6,WLDWW,LWWWW,2026-07-28,演示数据-赛奇生成(seed=42)-非真实赛果,,
500_242,水晶宫,埃弗顿,英超,2026-07-27 20:00,2.34,5.35,2.27,0.0,2.5,6,3,WWLWL,LWWWL,2026-07-28,演示数据-赛奇生成(seed=42)-非真实赛果,,
500_243,马赛,布雷斯特,法甲,2026-11-14 20:00,3.98,3.65,1.73,2.0,2.5,12,2,LLWWL,DWWWD,2026-07-28,演示数据-赛奇生成(seed=42)-非真实赛果,,
500_244,狼队,莱斯特城,英超,2026-10-10 22:00,2.06,3.97,3.16,-1.0,2.5,4,5,LWWWW,WWLWW,2026-07-28,演示数据-赛奇生成(seed=42)-非真实赛果,,
500_245,拉齐奥,博洛尼亚,意甲,2026-10-23 20:00,5.61,3.77,1.62,2.0,2.5,18,1,WWDLD,WWWWL,2026-07-28,演示数据-赛奇生成(seed=42)-非真实赛果,,
500_246,埃弗顿,阿森纳,英超,2026-08-09 22:00,1.85,4.52,3.46,-1.5,3.5,4,6,DWLLW,LWWLL,2026-07-28,演示数据-赛奇生成(seed=42)-非真实赛果,,
500_247,阿森纳,狼队,英超,2026-09-27 20:00,2.79,3.35,2.37,0.5,2.5,7,3,WWWLW,WWWWW,2026-07-28,演示数据-赛奇生成(seed=42)-非真实赛果,,
500_248,狼队,诺丁汉森林,英超,2026-12-14 22:00,1.91,3.35,3.35,-1.5,3.5,4,6,LWLLL,WWWWW,2026-07-28,演示数据-赛奇生成(seed=42)-非真实赛果,,
500_249,奥萨苏纳,皇家马德里,西甲,2026-07-19 22:00,3.54,4.05,1.78,1.5,2.5,10,2,WLWWL,LLLWL,2026-07-28,演示数据-赛奇生成(seed=42)-非真实赛果,,
500_250,塞尔塔,比利亚雷亚尔,西甲,2026-07-17 00:30,1.58,3.87,4.77,-2.0,2.5,3,9,WWWWW,LDWLD,2026-07-28,演示数据-赛奇生成(seed=42)-非真实赛果,,
500_251,佛罗伦萨,尤文图斯,意甲,2026-12-20 20:00,2.31,3.99,2.29,0.0,2.5,5,3,DWWLW,WLDWW,2026-07-28,演示数据-赛奇生成(seed=42)-非真实赛果,,
500_252,帕纳辛奈科斯,圣吉罗斯,欧联杯,2026-09-24 00:30,2.34,3.32,3.06,-1.0,2.5,6,5,DWWLW,WWDWW,2026-07-28,演示数据-赛奇生成(seed=42)-非真实赛果,,
500_253,布莱顿,狼队,英超,2026-12-26 23:00,1.68,3.89,4.34,-2.0,3.5,3,8,WWWWW,WWWLL,2026-07-28,演示数据-赛奇生成(seed=42)-非真实赛果,,
500_254,皇家社会,贝蒂斯,西甲,2026-11-07 20:00,2.03,3.43,3.03,-1.0,3.5,4,5,LWLWL,LDLWW,2026-07-28,演示数据-赛奇生成(seed=42)-非真实赛果,,
500_255,比利亚雷亚尔,奥萨苏纳,西甲,2026-10-23 20:00,5.03,4.47,1.51,2.0,2.5,16,1,LWLLW,DLLLW,2026-07-28,演示数据-赛奇生成(seed=42)-非真实赛果,,
500_256,年轻人,埃因霍温,欧冠资格赛,2026-11-11 00:30,1.83,3.84,3.62,-1.5,3.5,3,6,DWWDW,DDWWL,2026-07-28,演示数据-赛奇生成(seed=42)-非真实赛果,,
500_257,阿森纳,埃弗顿,英超,2026-11-09 23:00,3.37,3.67,1.97,1.5,2.5,10,2,WWWLW,WWWLD,2026-07-28,演示数据-赛奇生成(seed=42)-非真实赛果,,
500_258,勒沃库森,多特蒙德,德甲,2026-08-09 20:00,2.81,4.64,1.87,1.0,2.5,7,2,WWWDW,WWLLW,2026-07-28,演示数据-赛奇生成(seed=42)-非真实赛果,,
500_259,拜仁慕尼黑,美因茨,德甲,2026-11-13 22:30,2.96,3.39,2.39,0.5,3.5,8,3,WWLLL,WWLWW,2026-07-28,演示数据-赛奇生成(seed=42)-非真实赛果,,
500_260,拉齐奥,罗马,意甲,2026-07-19 22:00,1.69,2.98,7.25,-2.0,2.5,3,16,WWWLW,DWWWW,2026-07-28,演示数据-赛奇生成(seed=42)-非真实赛果,,
500_261,热刺,布莱顿,英超,2026-08-29 20:00,1.65,3.17,6.06,-2.0,3.5,3,13,WLWWW,DLWWL,2026-07-28,演示数据-赛奇生成(seed=42)-非真实赛果,,
500_262,布莱顿,阿斯顿维拉,英超,2026-11-28 22:00,4.25,4.94,1.55,2.0,3.5,13,1,LWLWD,WWWWL,2026-07-28,演示数据-赛奇生成(seed=42)-非真实赛果,,
500_263,狼队,诺丁汉森林,英超,2026-10-31 20:00,3.66,3.77,1.85,1.5,2.5,11,2,WWLWW,LLWDD,2026-07-28,演示数据-赛奇生成(seed=42)-非真实赛果,,
500_264,拜仁慕尼黑,莱比锡红牛,德甲,2026-09-12 23:00,2.19,3.94,2.81,-1.0,3.5,5,4,WLWWW,WWLWW,2026-07-28,演示数据-赛奇生成(seed=42)-非真实赛果,,
500_265,纽卡斯尔,曼城,英超,2026-09-04 22:00,4.49,3.45,1.65,2.0,3.5,14,1,WLWWW,WWDLW,2026-07-28,演示数据-赛奇生成(seed=42)-非真实赛果,,
500_266,佛罗伦萨,萨索洛,意甲,2026-08-02 20:00,1.56,4.0,4.77,-2.0,3.5,2,9,DLWWW,LLWWL,2026-07-28,演示数据-赛奇生成(seed=42)-非真实赛果,,
500_267,霍芬海姆,法兰克福,德甲,2026-12-14 23:00,2.4,3.85,2.39,0.0,3.5,6,3,LLWWD,WWDWL,2026-07-28,演示数据-赛奇生成(seed=42)-非真实赛果,,
500_268,塞维利亚,皇家马德里,西甲,2026-11-22 22:00,3.14,3.35,2.14,1.0,3.5,9,3,LWWDW,DDWWW,2026-07-28,演示数据-赛奇生成(seed=42)-非真实赛果,,
500_269,布伦特福德,热刺,英超,2026-07-31 00:30,1.86,3.71,3.65,-1.5,2.5,4,6,LLDDW,LDLLW,2026-07-28,演示数据-赛奇生成(seed=42)-非真实赛果,,
500_270,布莱顿,布伦特福德,英超,2026-09-13 00:30,3.23,3.62,2.13,1.0,3.5,9,3,WWWLL,DDWLW,2026-07-28,演示数据-赛奇生成(seed=42)-非真实赛果,,
500_271,门兴格拉德巴赫,弗赖堡,德甲,2026-07-05 20:00,2.42,3.19,3.0,-0.5,2.5,6,5,WLLWW,LWDLW,2026-07-28,演示数据-赛奇生成(seed=42)-非真实赛果,,
500_272,利物浦,莱斯特城,英超,2026-08-16 22:00,2.62,3.22,2.45,0.0,2.5,7,3,LLWLW,WDLWL,2026-07-28,演示数据-赛奇生成(seed=42)-非真实赛果,,
500_273,马德里竞技,塞尔塔,西甲,2026-10-04 22:00,1.48,3.56,6.12,-2.0,3.5,2,13,WWLWW,WLLLW,2026-07-28,演示数据-赛奇生成(seed=42)-非真实赛果,,
500_274,富勒姆,诺丁汉森林,英超,2026-08-30 22:30,3.23,3.63,2.05,1.0,3.5,9,2,DLLWL,WWWWW,2026-07-28,演示数据-赛奇生成(seed=42)-非真实赛果,,
500_275,巴黎圣日耳曼,朗斯,法甲,2026-08-15 00:30,2.43,3.34,2.85,-0.5,3.5,6,4,WLWWL,WWDWW,2026-07-28,演示数据-赛奇生成(seed=42)-非真实赛果,,
500_276,切尔西,水晶宫,英超,2026-08-12 22:00,1.9,3.61,4.06,-2.0,2.5,4,7,LWDWW,WLWWW,2026-07-28,演示数据-赛奇生成(seed=42)-非真实赛果,,
500_277,拉齐奥,博洛尼亚,意甲,2026-12-26 20:00,1.51,3.68,7.32,-2.0,2.5,2,16,LWWWL,WWLLW,2026-07-28,演示数据-赛奇生成(seed=42)-非真实赛果,,
500_278,弗赖堡,多特蒙德,德甲,2026-10-11 20:00,4.3,3.18,1.82,2.0,2.5,13,2,WWWDW,WWLWW,2026-07-28,演示数据-赛奇生成(seed=42)-非真实赛果,,
500_279,狼队,布莱顿,英超,2026-11-15 20:00,1.89,4.18,3.25,-1.5,2.5,4,5,LWWWW,DWWLW,2026-07-28,演示数据-赛奇生成(seed=42)-非真实赛果,,
500_280,阿森纳,狼队,英超,2026-10-03 22:00,2.59,3.7,2.25,0.5,3.5,7,3,LDWWD,LLWWL,2026-07-28,演示数据-赛奇生成(seed=42)-非真实赛果,,
500_281,美因茨,门兴格拉德巴赫,德甲,2026-08-17 23:00,2.11,3.21,3.01,-1.0,3.5,5,6,LWWDD,WWWWW,2026-07-28,演示数据-赛奇生成(seed=42)-非真实赛果,,
500_282,佛罗西诺内,亚特兰大,意甲,2026-12-27 20:00,2.01,4.03,3.01,-1.0,3.5,4,5,WLWDL,WWWWL,2026-07-28,演示数据-赛奇生成(seed=42)-非真实赛果,,
500_283,雅典AEK,波尔图,欧联杯,2026-08-20 23:00,3.69,3.56,1.92,1.5,3.5,11,2,WWWLW,WWWWD,2026-07-28,演示数据-赛奇生成(seed=42)-非真实赛果,,
500_284,拜仁慕尼黑,勒沃库森,德甲,2026-08-30 00:30,3.05,3.81,2.07,1.0,2.5,8,2,WLLWW,WWWWW,2026-07-28,演示数据-赛奇生成(seed=42)-非真实赛果,,
500_285,热刺,利物浦,英超,2026-12-27 22:00,3.26,3.07,2.3,1.0,3.5,9,3,DLWLL,LLLWW,2026-07-28,演示数据-赛奇生成(seed=42)-非真实赛果,,
500_286,赫罗纳,瓦伦西亚,西甲,2026-08-24 22:00,4.63,3.19,1.85,2.0,3.5,15,2,LLDWW,LWWWW,2026-07-28,演示数据-赛奇生成(seed=42)-非真实赛果,,
500_287,佛罗西诺内,AC米兰,意甲,2026-11-15 23:00,1.86,4.03,3.05,-1.0,3.5,4,5,DLWWW,DWWDL,2026-07-28,演示数据-赛奇生成(seed=42)-非真实赛果,,
500_288,塞尔塔,皇家马德里,西甲,2026-11-08 22:30,3.39,3.17,2.17,1.5,2.5,10,3,LWWWW,WWWLW,2026-07-28,演示数据-赛奇生成(seed=42)-非真实赛果,,
500_289,尤文图斯,都灵,意甲,2026-09-02 22:00,1.61,3.83,4.37,-2.0,3.5,3,8,WWWWW,WWDLL,2026-07-28,演示数据-赛奇生成(seed=42)-非真实赛果,,
500_290,奥萨苏纳,塞维利亚,西甲,2026-11-27 23:00,1.81,3.77,3.51,-1.5,3.5,3,6,WWWWW,WWWLL,2026-07-28,演示数据-赛奇生成(seed=42)-非真实赛果,,
500_291,水晶宫,西汉姆,英超,2026-11-01 20:00,1.42,4.7,5.89,-2.0,2.5,2,12,LLWWW,LLWWD,2026-07-28,演示数据-赛奇生成(seed=42)-非真实赛果,,
500_292,都灵,佛罗西诺内,意甲,2026-12-19 20:00,1.97,4.34,2.74,-1.0,3.5,4,5,WLDLL,LWWWD,2026-07-28,演示数据-赛奇生成(seed=42)-非真实赛果,,
500_293,拉齐奥,萨索洛,意甲,2026-10-25 22:00,1.84,4.29,3.2,-1.5,2.5,4,5,DWWWW,DLWWW,2026-07-28,演示数据-赛奇生成(seed=42)-非真实赛果,,
500_294,布拉加,年轻人,欧冠资格赛,2026-11-25 03:00,5.64,3.7,1.57,2.0,2.5,19,1,WLWWW,WWWWW,2026-07-28,演示数据-赛奇生成(seed=42)-非真实赛果,,
500_295,奥萨苏纳,瓦伦西亚,西甲,2026-07-18 00:30,1.66,4.85,3.83,-2.0,2.5,3,7,WWLWW,WWWLL,2026-07-28,演示数据-赛奇生成(seed=42)-非真实赛果,,
500_296,毕尔巴鄂竞技,瓦伦西亚,西甲,2026-10-11 22:00,1.58,3.97,5.95,-2.0,2.5,3,12,WWLWW,WLWWW,2026-07-28,演示数据-赛奇生成(seed=42)-非真实赛果,,
500_297,罗马,尤文图斯,意甲,2026-08-07 20:00,2.52,4.06,2.23,0.5,3.5,6,3,WWLWW,WWLWW,2026-07-28,演示数据-赛奇生成(seed=42)-非真实赛果,,
500_298,曼城,曼联,英超,2026-10-10 20:00,2.33,3.85,2.69,-0.5,3.5,5,4,DDWWD,WLLLW,2026-07-28,演示数据-赛奇生成(seed=42)-非真实赛果,,
500_299,凯尔特人,费耶诺德,欧冠资格赛,2026-09-16 00:30,3.08,3.59,2.01,1.0,2.5,8,2,LWWLL,WWWLL,2026-07-28,演示数据-赛奇生成(seed=42)-非真实赛果,,
500_300,斯特拉斯堡,巴黎圣日耳曼,法甲,2026-11-28 20:00,2.74,3.96,1.99,1.0,2.5,7,2,WLWWL,WWWWL,2026-07-28,演示数据-赛奇生成(seed=42)-非真实赛果,,
500_301,亚特兰大,都灵,意甲,2026-07-26 20:00,3.89,3.36,1.98,1.5,2.5,12,2,LDWWW,WWWWD,2026-07-28,演示数据-赛奇生成(seed=42)-非真实赛果,,
500_302,卡拉巴赫,萨格勒布迪纳摩,欧联杯,2026-11-12 00:30,1.59,3.21,6.33,-2.0,2.5,3,13,DWWWW,WLLDW,2026-07-28,演示数据-赛奇生成(seed=42)-非真实赛果,,
500_303,摩纳哥,里昂,法甲,2026-10-23 22:00,1.94,3.92,2.87,-1.0,3.5,4,5,WLLLW,WDWLW,2026-07-28,演示数据-赛奇生成(seed=42)-非真实赛果,,
500_304,多特蒙德,拜仁慕尼黑,德甲,2026-10-30 20:00,1.7,4.09,4.36,-2.0,2.5,3,8,LDLDW,DLDDW,2026-07-28,演示数据-赛奇生成(seed=42)-非真实赛果,,
500_305,拜仁慕尼黑,多特蒙德,德甲,2026-10-31 22:00,2.49,3.88,2.51,0.0,2.5,6,4,LWWWW,WWLWW,2026-07-28,演示数据-赛奇生成(seed=42)-非真实赛果,,
500_306,费内巴切,萨格勒布迪纳摩,欧冠资格赛,2026-07-29 00:30,3.65,3.19,2.06,1.5,2.5,11,2,LWLLL,WDWLW,2026-07-28,演示数据-赛奇生成(seed=42)-非真实赛果,,
500_307,罗马,都灵,意甲,2026-09-27 20:00,5.94,3.52,1.54,2.0,2.5,20,1,WWLWL,WWLDD,2026-07-28,演示数据-赛奇生成(seed=42)-非真实赛果,,
500_308,罗马,佛罗西诺内,意甲,2026-12-06 22:30,2.47,2.84,3.22,-1.0,2.5,6,5,WDWWW,WWLWW,2026-07-28,演示数据-赛奇生成(seed=42)-非真实赛果,,
500_309,朗斯,斯特拉斯堡,法甲,2026-09-20 22:30,3.27,3.6,1.98,1.5,2.5,9,2,LWLLW,LLLLW,2026-07-28,演示数据-赛奇生成(seed=42)-非真实赛果,,
500_310,热刺,纽卡斯尔,英超,2026-11-04 00:30,2.0,3.54,3.25,-1.5,3.5,4,5,WWLWL,LLLWW,2026-07-28,演示数据-赛奇生成(seed=42)-非真实赛果,,
500_311,那不勒斯,罗马,意甲,2026-09-30 20:00,1.91,3.33,3.81,-1.5,2.5,4,7,WWWLW,WDWWL,2026-07-28,演示数据-赛奇生成(seed=42)-非真实赛果,,
500_312,曼联,切尔西,英超,2026-09-27 23:00,3.56,3.26,1.93,1.5,3.5,10,2,LWLDD,WLWWL,2026-07-28,演示数据-赛奇生成(seed=42)-非真实赛果,,
500_313,塞尔塔,瓦伦西亚,西甲,2026-12-13 20:00,1.46,3.12,8.73,-2.0,3.5,2,19,WDWWW,LLWLW,2026-07-28,演示数据-赛奇生成(seed=42)-非真实赛果,,
500_314,霍芬海姆,莱比锡红牛,德甲,2026-09-26 23:00,2.06,3.29,3.06,-1.0,3.5,4,5,LDLDW,WWDDW,2026-07-28,演示数据-赛奇生成(seed=42)-非真实赛果,,
500_315,中日德兰,奥林匹亚科斯,欧冠资格赛,2026-11-10 00:30,4.31,3.4,1.83,2.0,3.5,13,2,WDLLL,WWWWW,2026-07-28,演示数据-赛奇生成(seed=42)-非真实赛果,,
500_316,勒沃库森,美因茨,德甲,2026-11-20 00:30,1.68,3.81,4.01,-2.0,3.5,3,7,WDLWW,LDLLL,2026-07-28,演示数据-赛奇生成(seed=42)-非真实赛果,,
500_317,那不勒斯,都灵,意甲,2026-08-31 20:00,2.33,3.92,2.47,0.0,3.5,5,3,WWWWW,WLWWW,2026-07-28,演示数据-赛奇生成(seed=42)-非真实赛果,,
500_318,布拉加,费内巴切,欧冠资格赛,2026-08-05 00:30,4.84,3.32,1.84,2.0,2.5,15,2,WWWLL,LWWLL,2026-07-28,演示数据-赛奇生成(seed=42)-非真实赛果,,
500_319,阿森纳,埃弗顿,英超,2026-08-16 22:00,1.93,3.62,3.81,-1.5,2.5,4,7,DWLLW,LDLWL,2026-07-28,演示数据-赛奇生成(seed=42)-非真实赛果,,
500_320,佛罗西诺内,那不勒斯,意甲,2026-09-13 20:00,2.66,3.49,2.36,0.5,2.5,7,3,WWLLL,LWWWW,2026-07-28,演示数据-赛奇生成(seed=42)-非真实赛果,,
500_321,美因茨,莱比锡红牛,德甲,2026-12-25 22:00,1.8,3.58,4.01,-2.0,2.5,3,7,WWWWW,LLLWW,2026-07-28,演示数据-赛奇生成(seed=42)-非真实赛果,,
500_322,萨索洛,罗马,意甲,2026-08-24 22:00,1.69,4.0,4.33,-2.0,3.5,3,8,WWWWW,WLWWL,2026-07-28,演示数据-赛奇生成(seed=42)-非真实赛果,,
500_323,拜仁慕尼黑,门兴格拉德巴赫,德甲,2026-10-17 22:30,2.27,2.94,3.43,-1.0,2.5,5,6,WLWWW,WWLWW,2026-07-28,演示数据-赛奇生成(seed=42)-非真实赛果,,
500_324,莱比锡红牛,门兴格拉德巴赫,德甲,2026-07-18 00:30,3.2,3.51,2.17,1.0,3.5,9,3,WDWWW,WWLWW,2026-07-28,演示数据-赛奇生成(seed=42)-非真实赛果,,
500_325,埃弗顿,利物浦,英超,2026-11-01 22:00,1.55,3.34,6.42,-2.0,2.5,2,13,DWWDL,WDLLL,2026-07-28,演示数据-赛奇生成(seed=42)-非真实赛果,,
500_326,赫罗纳,塞尔塔,西甲,2026-11-28 20:00,2.81,4.2,2.16,1.0,2.5,7,3,WWLWW,LWLWW,2026-07-28,演示数据-赛奇生成(seed=42)-非真实赛果,,
500_327,阿斯顿维拉,曼城,英超,2026-11-14 23:00,1.63,3.77,5.14,-2.0,2.5,3,10,DWWLW,DDWLW,2026-07-28,演示数据-赛奇生成(seed=42)-非真实赛果,,
500_328,埃弗顿,阿斯顿维拉,英超,2026-10-14 20:00,3.24,3.79,2.04,1.5,3.5,9,2,WLWDW,WWWLW,2026-07-28,演示数据-赛奇生成(seed=42)-非真实赛果,,
500_329,卢多戈雷茨,本菲卡,欧冠资格赛,2026-09-08 03:00,2.9,4.56,1.96,1.0,3.5,8,2,LDWWL,WWWLL,2026-07-28,演示数据-赛奇生成(seed=42)-非真实赛果,,
500_330,奥萨苏纳,比利亚雷亚尔,西甲,2026-07-25 22:00,2.67,3.68,2.37,0.5,2.5,7,3,DWWLW,WWLLW,2026-07-28,演示数据-赛奇生成(seed=42)-非真实赛果,,
500_331,热刺,利物浦,英超,2026-10-07 23:00,1.81,3.66,3.82,-2.0,3.5,3,7,WWWWW,LWWWW,2026-07-28,演示数据-赛奇生成(seed=42)-非真实赛果,,
500_332,奥萨苏纳,马德里竞技,西甲,2026-09-20 20:00,1.93,3.37,3.92,-1.5,3.5,4,7,WWLWW,WDLLW,2026-07-28,演示数据-赛奇生成(seed=42)-非真实赛果,,
500_333,埃弗顿,伯恩茅斯,英超,2026-12-18 22:00,1.57,2.93,7.52,-2.0,3.5,2,16,WWWWW,LLDDW,2026-07-28,演示数据-赛奇生成(seed=42)-非真实赛果,,
500_334,贝蒂斯,瓦伦西亚,西甲,2026-11-01 22:00,2.36,3.16,3.1,-1.0,2.5,6,5,WWLWW,WWWDW,2026-07-28,演示数据-赛奇生成(seed=42)-非真实赛果,,
500_335,巴黎圣日耳曼,里尔,法甲,2026-08-23 20:00,5.52,3.9,1.56,2.0,3.5,18,1,WWWLD,DWDWW,2026-07-28,演示数据-赛奇生成(seed=42)-非真实赛果,,
500_336,纽卡斯尔,切尔西,英超,2026-08-21 20:00,2.5,3.62,2.63,0.0,3.5,6,4,LWWWL,WLWWW,2026-07-28,演示数据-赛奇生成(seed=42)-非真实赛果,,
500_337,纽卡斯尔,曼联,英超,2026-08-22 20:00,2.23,3.58,3.02,-1.0,3.5,5,6,DLWWD,WLLLL,2026-07-28,演示数据-赛奇生成(seed=42)-非真实赛果,,
500_338,巴黎圣日耳曼,斯特拉斯堡,法甲,2026-09-16 22:30,3.53,3.93,1.87,1.5,2.5,10,2,WLWLL,WLWWW,2026-07-28,演示数据-赛奇生成(seed=42)-非真实赛果,,
500_339,赫罗纳,比利亚雷亚尔,西甲,2026-08-29 20:00,2.44,3.27,2.54,0.0,2.5,6,4,WWLLW,WLWWW,2026-07-28,演示数据-赛奇生成(seed=42)-非真实赛果,,
500_340,斯特拉斯堡,朗斯,法甲,2026-08-29 20:00,3.3,3.52,1.92,1.5,3.5,9,2,WLWWW,WWDDW,2026-07-28,演示数据-赛奇生成(seed=42)-非真实赛果,,
500_341,朗斯,里昂,法甲,2026-11-23 22:30,3.38,3.51,2.04,1.5,3.5,10,2,LLWWW,WWWLL,2026-07-28,演示数据-赛奇生成(seed=42)-非真实赛果,,
500_342,弗赖堡,柏林联合,德甲,2026-07-27 23:00,1.76,3.55,4.71,-2.0,3.5,3,9,WDWWW,WWLWL,2026-07-28,演示数据-赛奇生成(seed=42)-非真实赛果,,
500_343,奥萨苏纳,贝蒂斯,西甲,2026-07-19 22:30,1.68,5.41,3.25,-1.5,3.5,3,5,WWWWW,WWWLW,2026-07-28,演示数据-赛奇生成(seed=42)-非真实赛果,,
500_344,法兰克福,弗赖堡,德甲,2026-07-12 22:30,1.7,3.8,5.01,-2.0,3.5,3,10,WLLWW,LWWWL,2026-07-28,演示数据-赛奇生成(seed=42)-非真实赛果,,
500_345,毕尔巴鄂竞技,比利亚雷亚尔,西甲,2026-12-19 00:30,1.44,4.83,4.58,-2.0,3.5,2,9,WWWWL,WWDLW,2026-07-28,演示数据-赛奇生成(seed=42)-非真实赛果,,
500_346,阿斯顿维拉,热刺,英超,2026-08-29 22:00,2.99,3.44,2.09,1.0,3.5,8,2,WWWWW,LLLWL,2026-07-28,演示数据-赛奇生成(seed=42)-非真实赛果,,
500_347,卢多戈雷茨,加拉塔萨雷,欧联杯,2026-09-24 00:30,2.11,3.15,3.58,-1.5,2.5,5,6,WWWDW,WDWWW,2026-07-28,演示数据-赛奇生成(seed=42)-非真实赛果,,
500_348,奥林匹亚科斯,布鲁日,欧联杯,2026-11-05 00:30,1.71,3.7,4.51,-2.0,2.5,3,9,LWWWL,WWWWW,2026-07-28,演示数据-赛奇生成(seed=42)-非真实赛果,,
500_349,霍芬海姆,勒沃库森,德甲,2026-08-10 20:00,3.11,3.74,1.93,1.0,3.5,9,2,WWLLW,WWLWL,2026-07-28,演示数据-赛奇生成(seed=42)-非真实赛果,,
500_350,莱比锡红牛,美因茨,德甲,2026-09-12 00:30,3.08,3.92,2.09,1.0,3.5,8,2,WWWWW,WLWDW,2026-07-28,演示数据-赛奇生成(seed=42)-非真实赛果,,
500_351,阿贾克斯,维也纳快速,欧联杯,2026-10-08 03:00,2.63,3.33,2.31,0.5,2.5,7,3,WDLDW,WWWLL,2026-07-28,演示数据-赛奇生成(seed=42)-非真实赛果,,
500_352,贝蒂斯,巴塞罗那,西甲,2026-08-01 20:00,1.65,3.56,5.21,-2.0,3.5,3,10,WWWWW,LLWWW,2026-07-28,演示数据-赛奇生成(seed=42)-非真实赛果,,
500_353,阿森纳,埃弗顿,英超,2026-08-31 22:00,2.86,3.2,2.35,0.5,2.5,8,3,LWWWL,WWWDL,2026-07-28,演示数据-赛奇生成(seed=42)-非真实赛果,,
500_354,马德里竞技,巴塞罗那,西甲,2026-09-05 00:30,2.38,3.24,2.74,-0.5,2.5,6,4,LLLDD,WLWDW,2026-07-28,演示数据-赛奇生成(seed=42)-非真实赛果,,
500_355,富勒姆,纽卡斯尔,英超,2026-08-02 22:30,2.15,3.02,3.75,-1.5,3.5,5,7,LWLWL,WWLWL,2026-07-28,演示数据-赛奇生成(seed=42)-非真实赛果,,
500_356,阿斯顿维拉,曼联,英超,2026-10-30 20:00,2.23,3.57,3.01,-1.0,2.5,5,6,WWWWW,WWLLW,2026-07-28,演示数据-赛奇生成(seed=42)-非真实赛果,,
500_357,拉齐奥,佛罗西诺内,意甲,2026-11-08 20:00,1.76,3.65,4.39,-2.0,3.5,3,8,WDLLW,LWLWD,2026-07-28,演示数据-赛奇生成(seed=42)-非真实赛果,,
500_358,利物浦,布伦特福德,英超,2026-10-24 20:00,1.71,4.35,3.66,-1.5,3.5,3,6,DWLWW,WWWWW,2026-07-28,演示数据-赛奇生成(seed=42)-非真实赛果,,
500_359,拉齐奥,国际米兰,意甲,2026-10-31 23:00,2.6,3.93,2.32,0.5,2.5,7,3,WLLWW,WWWWW,2026-07-28,演示数据-赛奇生成(seed=42)-非真实赛果,,
500_360,美因茨,莱比锡红牛,德甲,2026-08-31 00:30,1.63,3.5,5.16,-2.0,2.5,3,10,WLLWW,LLWWW,2026-07-28,演示数据-赛奇生成(seed=42)-非真实赛果,,
500_361,年轻人,波尔图,欧联杯,2026-11-12 00:30,3.01,3.51,2.02,1.0,2.5,8,2,WWDWL,WWWWL,2026-07-28,演示数据-赛奇生成(seed=42)-非真实赛果,,
500_362,热刺,富勒姆,英超,2026-12-30 22:00,2.28,3.55,2.56,-0.5,3.5,5,4,WDWLW,WWWLL,2026-07-28,演示数据-赛奇生成(seed=42)-非真实赛果,,
500_363,本菲卡,费内巴切,欧联杯,2026-12-03 23:00,1.81,3.85,3.4,-1.5,2.5,3,6,WLLWW,WLWWL,2026-07-28,演示数据-赛奇生成(seed=42)-非真实赛果,,
500_364,沃尔夫斯堡,弗赖堡,德甲,2026-09-12 22:00,3.08,3.46,1.98,1.0,2.5,8,2,WWWWW,WWLDW,2026-07-28,演示数据-赛奇生成(seed=42)-非真实赛果,,
500_365,皇家社会,瓦伦西亚,西甲,2026-09-13 23:00,4.91,3.4,1.81,2.0,2.5,16,2,WWWLW,WWDWW,2026-07-28,演示数据-赛奇生成(seed=42)-非真实赛果,,
500_366,勒沃库森,弗赖堡,德甲,2026-10-03 23:00,2.42,4.4,2.28,0.0,2.5,6,3,LLWWW,WDLDL,2026-07-28,演示数据-赛奇生成(seed=42)-非真实赛果,,
500_367,费内巴切,布鲁日,欧冠资格赛,2026-08-12 22:00,1.78,4.18,3.81,-2.0,2.5,3,7,WDWDW,WLWLL,2026-07-28,演示数据-赛奇生成(seed=42)-非真实赛果,,
500_368,佛罗伦萨,国际米兰,意甲,2026-11-15 22:00,3.24,3.32,2.05,1.0,3.5,9,2,LDLWW,WWWWW,2026-07-28,演示数据-赛奇生成(seed=42)-非真实赛果,,
500_369,圣吉罗斯,帕纳辛奈科斯,欧冠资格赛,2026-11-18 03:00,2.73,3.92,2.04,1.0,3.5,7,2,WLDLW,DWLWL,2026-07-28,演示数据-赛奇生成(seed=42)-非真实赛果,,
500_370,斯特拉斯堡,雷恩,法甲,2026-09-05 23:00,2.17,3.3,3.0,-1.0,3.5,5,6,WWLWL,WWLDL,2026-07-28,演示数据-赛奇生成(seed=42)-非真实赛果,,
500_371,柏林联合,勒沃库森,德甲,2026-12-19 22:00,4.13,3.5,1.79,2.0,2.5,13,2,LLLLD,WWDWD,2026-07-28,演示数据-赛奇生成(seed=42)-非真实赛果,,
500_372,巴塞罗那,毕尔巴鄂竞技,西甲,2026-09-27 22:30,1.61,2.89,8.26,-2.0,2.5,3,18,WDWWW,LLWLW,2026-07-28,演示数据-赛奇生成(seed=42)-非真实赛果,,
500_373,巴黎圣日耳曼,斯特拉斯堡,法甲,2026-12-27 22:00,2.72,3.6,2.44,0.5,2.5,7,3,LWWWW,WWWWW,2026-07-28,演示数据-赛奇生成(seed=42)-非真实赛果,,
500_374,尼斯,里尔,法甲,2026-08-30 23:00,4.5,3.59,1.78,2.0,2.5,14,2,WLLWL,WWWWW,2026-07-28,演示数据-赛奇生成(seed=42)-非真实赛果,,
500_375,马德里竞技,毕尔巴鄂竞技,西甲,2026-09-14 22:30,1.75,3.47,4.77,-2.0,3.5,3,9,WLWWD,WWLLL,2026-07-28,演示数据-赛奇生成(seed=42)-非真实赛果,,
500_376,诺丁汉森林,利物浦,英超,2026-10-10 23:00,1.58,3.86,5.46,-2.0,3.5,3,11,DLWWW,WLLDW,2026-07-28,演示数据-赛奇生成(seed=42)-非真实赛果,,
500_377,中日德兰,哥本哈根,欧冠资格赛,2026-12-08 03:00,1.78,4.14,3.71,-1.5,2.5,3,7,WDWWW,WLLDW,2026-07-28,演示数据-赛奇生成(seed=42)-非真实赛果,,
500_378,萨格勒布迪纳摩,波尔图,欧冠资格赛,2026-11-10 00:30,3.0,3.17,2.41,0.5,2.5,8,3,LLWWL,WWWWL,2026-07-28,演示数据-赛奇生成(seed=42)-非真实赛果,,
500_379,斯图加特,莱比锡红牛,德甲,2026-12-21 22:00,1.79,4.03,4.09,-2.0,3.5,3,8,WWWWW,DWWWW,2026-07-28,演示数据-赛奇生成(seed=42)-非真实赛果,,
500_380,亚特兰大,拉齐奥,意甲,2026-08-15 22:00,1.81,3.31,3.91,-2.0,2.5,3,7,WLWWL,LWLWW,2026-07-28,演示数据-赛奇生成(seed=42)-非真实赛果,,
500_381,亚特兰大,佛罗伦萨,意甲,2026-10-11 23:00,1.91,3.05,4.04,-2.0,2.5,4,7,DDWWW,WWLLL,2026-07-28,演示数据-赛奇生成(seed=42)-非真实赛果,,
500_382,多特蒙德,柏林联合,德甲,2026-07-04 22:30,3.9,3.49,1.84,2.0,3.5,12,2,DLLWW,WWWLW,2026-07-28,演示数据-赛奇生成(seed=42)-非真实赛果,,
500_383,雷恩,布雷斯特,法甲,2026-12-07 22:30,4.15,3.68,1.8,2.0,2.5,13,2,LWWLD,WWWWW,2026-07-28,演示数据-赛奇生成(seed=42)-非真实赛果,,
500_384,诺丁汉森林,伯恩茅斯,英超,2026-12-09 22:00,1.63,4.83,3.58,-1.5,2.5,3,6,WLWWD,WWDLL,2026-07-28,演示数据-赛奇生成(seed=42)-非真实赛果,,
500_385,水晶宫,莱斯特城,英超,2026-10-31 22:00,1.93,3.73,3.24,-1.5,3.5,4,5,DWWWW,DWWLW,2026-07-28,演示数据-赛奇生成(seed=42)-非真实赛果,,
500_386,伯恩茅斯,纽卡斯尔,英超,2026-12-27 22:00,2.01,3.92,2.74,-1.0,2.5,4,5,WLDWD,WLWWL,2026-07-28,演示数据-赛奇生成(seed=42)-非真实赛果,,
500_387,卢多戈雷茨,布鲁日,欧冠资格赛,2026-08-25 03:00,1.77,3.25,4.25,-2.0,2.5,3,8,WWLWW,WWWDL,2026-07-28,演示数据-赛奇生成(seed=42)-非真实赛果,,
500_388,曼联,利物浦,英超,2026-09-19 20:00,1.96,3.51,3.29,-1.5,2.5,4,6,WWWLW,WDWDW,2026-07-28,演示数据-赛奇生成(seed=42)-非真实赛果,,
500_389,水晶宫,富勒姆,英超,2026-08-09 23:00,2.16,2.97,3.44,-1.5,3.5,5,6,LDLWW,WWWWW,2026-07-28,演示数据-赛奇生成(seed=42)-非真实赛果,,
500_390,阿斯顿维拉,热刺,英超,2026-09-26 00:30,2.03,3.18,3.53,-1.5,2.5,4,6,WDWWW,WLWWL,2026-07-28,演示数据-赛奇生成(seed=42)-非真实赛果,,
500_391,热刺,狼队,英超,2026-07-19 23:00,3.73,4.24,1.69,2.0,3.5,11,1,WDLWW,WWWWW,2026-07-28,演示数据-赛奇生成(seed=42)-非真实赛果,,
500_392,塞维利亚,贝蒂斯,西甲,2026-09-12 22:30,2.13,3.73,2.78,-1.0,3.5,5,4,LWLWW,WLLWL,2026-07-28,演示数据-赛奇生成(seed=42)-非真实赛果,,
500_393,那不勒斯,博洛尼亚,意甲,2026-10-12 00:30,1.85,3.57,3.73,-1.5,2.5,4,7,LLWDW,WWWLD,2026-07-28,演示数据-赛奇生成(seed=42)-非真实赛果,,
500_394,富勒姆,西汉姆,英超,2026-08-30 22:30,1.5,3.76,5.71,-2.0,2.5,2,12,LLWLW,LWWWL,2026-07-28,演示数据-赛奇生成(seed=42)-非真实赛果,,
500_395,本菲卡,顿涅茨克矿工,欧冠资格赛,2026-11-04 03:00,1.48,3.72,6.95,-2.0,2.5,2,15,WWLWW,DWLLL,2026-07-28,演示数据-赛奇生成(seed=42)-非真实赛果,,
500_396,萨格勒布迪纳摩,埃因霍温,欧联杯,2026-09-17 03:00,1.49,3.71,5.69,-2.0,2.5,2,12,LWLWL,LWLDL,2026-07-28,演示数据-赛奇生成(seed=42)-非真实赛果,,
500_397,莱比锡红牛,拜仁慕尼黑,德甲,2026-11-08 00:30,2.08,3.86,2.98,-1.0,2.5,4,5,WWWWW,LWWDW,2026-07-28,演示数据-赛奇生成(seed=42)-非真实赛果,,
500_398,雷恩,里尔,法甲,2026-11-29 22:00,4.14,4.19,1.69,2.0,2.5,13,1,WWWWW,WWWWL,2026-07-28,演示数据-赛奇生成(seed=42)-非真实赛果,,
500_399,斯特拉斯堡,尼斯,法甲,2026-07-11 20:00,4.23,3.61,1.73,2.0,2.5,13,2,DWWDD,LWLWW,2026-07-28,演示数据-赛奇生成(seed=42)-非真实赛果,,
500_400,斯特拉斯堡,尼斯,法甲,2026-10-12 00:30,2.48,3.54,2.39,0.0,2.5,6,3,WWDWL,LWWWW,2026-07-28,演示数据-赛奇生成(seed=42)-非真实赛果,,
